port_order,class_name,depth,in_degree,out_degree,instability,in_cycle
1,ISpectrumData,0,3,0,0.0,False
2,BaseSpectrum,1,4,1,0.2,False
3,XRayTransition,0,6,0,0.0,False
4,SpectrumProperties,0,14,2,0.125,True
5,IXRayWindowProperties,0,4,1,0.2,True
6,IXRayDetector,0,3,1,0.25,True
7,XRayTransitionSet,0,2,0,0.0,False
8,FromSI,0,4,0,0.0,False
9,Element,0,8,0,0.0,False
10,EditableSpectrum,2,2,1,0.3333,False
11,EPQException,0,8,0,0.0,False
12,AlgorithmUser,0,5,0,0.0,False
13,DetectorCalibration,1,1,2,0.6667,False
14,EDSDetector,3,16,10,0.3846,True
15,SpectrumUtils,3,7,1,0.125,True
16,Composition,0,3,0,0.0,False
17,AlgorithmClass,1,34,1,0.0286,False
18,EDSCalibration,4,5,3,0.375,False
19,ToSI,0,8,0,0.0,False
20,MaterialFactory,0,5,0,0.0,False
21,Material,1,9,1,0.1,False
22,MassAbsorptionCoefficient,2,3,1,0.25,False
23,AtomicShell,0,3,0,0.0,False
24,SiLiCalibration,5,1,11,0.9167,False
25,DetectorLineshapeModel,4,8,1,0.1111,False
26,SDDCalibration,6,1,4,0.8,False
27,EPQFatalException,0,3,0,0.0,False
28,XPP1991,0,1,0,0.0,False
29,ISpectrumTransformation,0,1,0,0.0,False
30,DerivedSpectrum,2,5,1,0.1667,False
31,RandomizedScatter,2,4,1,0.2,False
32,QuantificationOutline,4,1,1,0.5,False
33,QuantificationOptimizer,0,1,0,0.0,False
34,IonizationCrossSection,2,2,1,0.3333,False
35,LinearSpectrumFit,5,1,2,0.6667,False
36,SpectrumFitter8,5,1,2,0.6667,False
37,SpectrumFitResult,7,1,2,0.6667,False
38,XRayWindow,2,1,10,0.9091,False
39,EPMAOptimizer,4,1,1,0.5,False
40,Armstrong1982Base,0,3,0,0.0,False
41,ZetaFactor,2,0,1,1.0,False
42,XPP1989Ext,1,0,1,1.0,False
43,VectorSet,0,0,0,0.0,False
44,VariableWidthFittingFilter,5,0,1,1.0,False
45,TransitionProbabilities,2,0,1,1.0,False
46,TransitionEnergy,2,0,1,1.0,False
47,SurfaceIonization,2,0,1,1.0,False
48,Strategy,0,0,0,0.0,False
49,StoppingPower,2,0,1,1.0,False
50,STEMinSEMCorrection,0,0,0,0.0,False
51,StandardsDatabase2,0,0,0,0.0,False
52,StandardBundle,4,0,1,1.0,False
53,StageCoordinate,0,0,0,0.0,False
54,SpectrumSmoothing,2,0,2,1.0,False
55,SpectrumSimulator,4,0,2,1.0,False
56,SpectrumMath,3,0,1,1.0,False
57,ScreenedRutherfordScatteringAngle,3,0,1,1.0,False
58,SampleShape,0,0,0,0.0,False
59,SamplePreparation,0,0,0,0.0,False
60,ROISpectrumNaive,3,0,1,1.0,False
61,ROISpectrum,4,0,3,1.0,False
62,Riveros1993,0,0,0,0.0,False
63,RegionOfInterestSet,5,0,1,1.0,False
64,RandomizedScatterFactory,2,0,1,1.0,False
65,QuantifyUsingZetaFactors,4,0,1,1.0,False
66,QuantifyUsingSTEMinSEM,4,0,1,1.0,False
67,QuantifyUsingStandards,5,0,2,1.0,False
68,QuantificationPlan,0,0,0,0.0,False
69,QuantificationOptimizer2,1,0,1,1.0,False
70,ProportionalIonizationCrossSection,3,0,1,1.0,False
71,PhysicalConstants,0,0,0,0.0,False
72,PeakStripping,2,0,1,1.0,False
73,PeakROISearch,2,0,1,1.0,False
74,ParticleSignature,0,0,0,0.0,False
75,PAP1991,0,0,0,0.0,False
76,PandPDatabase,0,0,0,0.0,False
77,Oxidizer,0,0,0,0.0,False
78,NoisySpectrum,3,0,1,1.0,False
79,NISTXRayTransitionDB,0,0,0,0.0,False
80,NISTMottScatteringAngle,3,0,1,1.0,False
81,MultiSpectrumMetrics,0,0,0,0.0,False
82,MuCal,0,0,0,0.0,False
83,MLLSQSignature,4,0,1,1.0,False
84,MicrocalSpectrumFitter,5,0,1,1.0,False
85,MeanIonizationPotential,2,0,1,1.0,False
86,MapImage,0,0,0,0.0,False
87,MajorMinorTrace,0,0,0,0.0,False
88,MACCache,0,0,0,0.0,False
89,LitReference,0,0,0,0.0,False
90,LenardCoefficient,2,0,1,1.0,False
91,KRatioSet,0,0,0,0.0,False
92,JumpRatio,2,0,1,1.0,False
93,ITransform,0,0,0,0.0,False
94,IterationAlgorithm,2,0,1,1.0,False
95,IonizationDepthRatio,2,0,1,1.0,False
96,GaussianSumSpectrum,5,0,3,1.0,False
97,GasScatteringCrossSection,3,0,1,1.0,False
98,GasMixture,2,0,1,1.0,False
99,Gas,2,0,1,1.0,False
100,FluorescenceYieldMean,2,0,1,1.0,False
101,FluorescenceYield,2,0,1,1.0,False
102,Fluorescence,2,0,1,1.0,False
103,FittingFilter,0,0,0,0.0,False
104,FilterFit,6,0,2,1.0,False
105,FilteredSpectrum,3,0,1,1.0,False
106,ExtremumSpectrum,2,0,1,1.0,False
107,ElectronRange,2,0,1,1.0,False
108,EdgeEnergy,2,0,1,1.0,False
109,DuaneHuntLimit,2,0,1,1.0,False
110,XRayWindowFactory,2,0,8,1.0,False
111,XRayWindow3,1,0,4,1.0,False
112,XRayWindow2,2,0,8,1.0,False
113,MicrocalCalibration,5,0,13,1.0,False
114,MeasuredCalibration,8,0,13,1.0,False
115,GridMountedWindow,3,0,4,1.0,False
116,FanoSiLiLineshape,5,0,2,1.0,False
117,ElectronProbe,1,0,2,1.0,False
118,DetectorProperties,4,0,2,1.0,False
119,BasicSiLiLineshape,5,0,2,1.0,False
120,CzyzewskiMottScatteringAngle,3,0,1,1.0,False
121,CzyzewskiMottCrossSection,0,0,0,0.0,False
122,CorrectionAlgorithm,2,0,1,1.0,False
123,ConductiveCoating,0,0,0,0.0,False
124,ComputeZAF,2,0,1,1.0,False
125,CompositionOptimizer,5,0,2,1.0,False
126,CompositionFromKRatios,2,0,1,1.0,False
127,CITZAF,0,0,0,0.0,False
128,CharacteristicXRayGeneration,2,0,1,1.0,False
129,CaveatBase,0,0,0,0.0,False
130,BrowningEmpiricalCrossSection,0,0,0,0.0,False
131,BremsstrahlungAngularDistribution,2,0,1,1.0,False
132,BremsstrahlungAnalytic,5,0,3,1.0,False
133,Bremsstrahlung,0,0,0,0.0,False
134,BetheElectronEnergyLoss,2,0,1,1.0,False
135,BadgerFilmExport,0,0,0,0.0,False
136,BackscatterFactor,2,0,1,1.0,False
137,BackscatterCoefficient,2,0,1,1.0,False
138,AverageSpectrum,2,0,1,1.0,False
139,Armstrong1982ParticleMC,1,0,1,1.0,False
140,Armstrong1982ParticleCorrection,1,0,1,1.0,False
141,Armstrong1982Correction,1,0,1,1.0,False
142,AbsorptionCorrection,2,0,1,1.0,False
143,AbsoluteIonizationCrossSection,3,0,1,1.0,False
